{
  "configVersion": "v2",
  "app": {
    "appIdType": 0,
    "appType": "app",
    "version": {
      "code": 1,
      "name": "1.0.0"
    },
    "appId": 100001,
    "appName": "",
    "icon": "icon.png",
    "vender": "",
    "description": ""
  },
  "permissions": ["gps"],
  "runtime": {
    "apiVersion": {
      "compatible": "1.0.0",
      "target": "1.0.1",
      "minVersion": "1.0.0"
    }
  },
  "i18n": {},
  "debug": false,
  "module": {
    "page": {
      "pages": ["page/index"],
      "window": {
        "navigationBarBackgroundColor": "#ffffff",
        "navigationBarTextStyle": "black",
        "navigationBarTitleText": "",
        "backgroundColor": "#eeeeee",
        "backgroundTextStyle": "light"
      }
    }
  }
}
